,train_loss,dev_loss
1.0,395.56707763671875,1.3014949560165405
1.00117508813161,392.790771484375,
1.0023501762632196,346.833251953125,
1.0035252643948296,239.38050842285156,
1.0047003525264395,212.17147827148438,
1.0058754406580495,171.75779724121094,
1.0070505287896592,136.6323699951172,
1.008225616921269,120.46296691894531,
1.009400705052879,105.07637023925781,
1.0105757931844888,97.57911682128906,
1.0117508813160987,83.08531951904297,
1.0129259694477086,74.5276107788086,
1.0141010575793183,65.11466979980469,
1.0152761457109283,58.793479919433594,
1.0164512338425382,59.32391357421875,
1.0176263219741482,54.478065490722656,
1.0188014101057579,57.896751403808594,
1.0199764982373678,52.65251159667969,
1.0211515863689777,48.58483123779297,
1.0223266745005875,45.6519889831543,
1.0235017626321974,42.80563735961914,
1.0246768507638073,39.04378890991211,
1.0258519388954173,37.767974853515625,
1.027027027027027,36.12208557128906,
1.028202115158637,34.20895767211914,
1.0293772032902468,32.52001190185547,
1.0305522914218566,29.68901824951172,
1.0317273795534665,28.00249671936035,
1.0329024676850764,26.123933792114258,
1.0340775558166861,26.667442321777344,
1.035252643948296,25.04108238220215,
1.036427732079906,23.039623260498047,
1.037602820211516,22.101041793823242,
1.0387779083431257,23.885480880737305,
1.0399529964747356,22.64832305908203,
1.0411280846063455,21.388160705566406,
1.0423031727379553,18.72541046142578,
1.0434782608695652,19.297618865966797,
1.0446533490011751,17.7080020904541,
1.045828437132785,18.27606201171875,
1.0470035252643948,18.54505157470703,
1.0481786133960047,16.95430564880371,
1.0493537015276146,16.29182243347168,
1.0505287896592244,17.0732479095459,
1.0517038777908343,15.47937297821045,
1.0528789659224442,16.474838256835938,
1.054054054054054,14.776214599609375,
1.0552291421856639,15.503875732421875,
1.0564042303172738,14.881498336791992,
1.0575793184488838,14.477526664733887,
1.0587544065804935,15.694487571716309,
1.0599294947121034,13.010927200317383,
1.0611045828437133,13.291548728942871,
1.062279670975323,13.830533981323242,
1.063454759106933,15.803312301635742,
1.064629847238543,14.329974174499512,
1.0658049353701529,16.699838638305664,
1.0669800235017626,14.631186485290527,
1.0681551116333725,13.977187156677246,
1.0693301997649824,14.709699630737305,
1.0705052878965922,12.817239761352539,
1.071680376028202,15.18893051147461,
1.072855464159812,13.29422664642334,
1.074030552291422,12.892287254333496,
1.0752056404230317,12.069347381591797,
1.0763807285546416,15.681632995605469,
1.0775558166862516,13.616931915283203,
1.0787309048178613,12.669386863708496,
1.0799059929494712,11.17367172241211,
1.0810810810810811,12.579451560974121,
1.0822561692126909,15.861247062683105,
1.0834312573443008,12.361720085144043,
1.0846063454759107,14.567967414855957,
1.0857814336075207,13.111091613769531,
1.0869565217391304,13.716691017150879,
1.0881316098707403,11.487780570983887,
1.0893066980023502,12.549948692321777,
1.09048178613396,11.575811386108398,
1.09165687426557,14.519805908203125,
1.0928319623971798,13.036169052124023,
1.0940070505287895,10.539224624633789,
1.0951821386603995,15.086040496826172,
1.0963572267920094,11.829824447631836,
1.0975323149236194,12.133864402770996,
1.098707403055229,11.012289047241211,
1.099882491186839,12.190328598022461,
1.101057579318449,12.252235412597656,
1.1022326674500587,11.854363441467285,
1.1034077555816686,9.591626167297363,
1.1045828437132785,10.175944328308105,
1.1057579318448885,10.26723861694336,
1.1069330199764982,10.8648099899292,
1.1081081081081081,10.860027313232422,
1.109283196239718,12.524072647094727,
1.1104582843713278,13.634113311767578,
1.1116333725029377,10.186739921569824,
1.1128084606345476,11.44186019897461,
1.1139835487661576,9.341466903686523,
1.1151586368977673,10.598611831665039,
1.1163337250293772,10.143630981445312,
1.1175088131609872,10.109016418457031,
1.1186839012925969,12.790348052978516,
1.1198589894242068,8.262957572937012,
1.1210340775558167,10.31663703918457,
1.1222091656874265,12.38107681274414,
1.1233842538190364,12.490731239318848,
1.1245593419506463,10.146224975585938,
1.1257344300822563,9.774006843566895,
1.126909518213866,11.618003845214844,
1.128084606345476,11.116917610168457,
1.1292596944770859,8.703001976013184,
1.1304347826086956,9.326754570007324,
1.1316098707403055,7.481264591217041,
1.1327849588719154,13.196028709411621,
1.1339600470035252,12.690876007080078,
1.135135135135135,10.464547157287598,
1.136310223266745,8.39361572265625,
1.137485311398355,10.861007690429688,
1.1386603995299647,12.615107536315918,
1.1398354876615746,11.118566513061523,
1.1410105757931845,10.274115562438965,
1.1421856639247943,10.659183502197266,
1.1433607520564042,10.560894966125488,
1.1445358401880141,7.746505260467529,
1.145710928319624,8.470913887023926,
1.1468860164512338,10.721821784973145,
1.1480611045828437,8.467131614685059,
1.1492361927144537,9.48115062713623,
1.1504112808460634,9.59922981262207,
1.1515863689776733,9.404769897460938,
1.1527614571092832,9.563275337219238,
1.1539365452408932,10.427190780639648,
1.1551116333725029,8.354039192199707,
1.1562867215041128,9.544971466064453,
1.1574618096357228,9.188921928405762,
1.1586368977673325,9.448874473571777,
1.1598119858989424,10.006579399108887,
1.1609870740305523,9.75805377960205,
1.1621621621621623,8.064927101135254,
1.163337250293772,9.356895446777344,
1.164512338425382,8.494264602661133,
1.1656874265569919,8.511072158813477,
1.1668625146886016,8.899320602416992,
1.1680376028202115,9.733701705932617,
1.1692126909518215,8.831807136535645,
1.1703877790834312,9.721015930175781,
1.171562867215041,8.741971015930176,
1.172737955346651,8.817089080810547,
1.1739130434782608,9.820611953735352,
1.1750881316098707,10.746142387390137,
1.1762632197414806,9.814638137817383,
1.1774383078730906,8.362214088439941,
1.1786133960047003,7.103555679321289,
1.1797884841363102,10.174694061279297,
1.1809635722679201,9.008070945739746,
1.1821386603995299,8.019619941711426,
1.1833137485311398,8.583203315734863,
1.1844888366627497,10.647616386413574,
1.1856639247943597,7.40890645980835,
1.1868390129259694,9.188678741455078,
1.1880141010575793,7.568765640258789,
1.1891891891891893,9.286913871765137,
1.190364277320799,8.420475006103516,
1.191539365452409,10.606949806213379,
1.1927144535840188,8.897575378417969,
1.1938895417156288,7.878589630126953,
1.1950646298472385,7.976615905761719,
1.1962397179788484,8.856773376464844,
1.1974148061104584,11.447898864746094,
1.198589894242068,8.770594596862793,
1.199764982373678,9.216371536254883,
1.200940070505288,7.929429054260254,
1.2021151586368979,8.58590030670166,
1.2032902467685076,5.823741912841797,
1.2044653349001175,8.408403396606445,
1.2056404230317275,10.627823829650879,
1.2068155111633372,7.777631759643555,
1.2079905992949471,8.111261367797852,
1.209165687426557,7.761318206787109,
1.2103407755581668,7.160281658172607,
1.2115158636897767,10.144488334655762,
1.2126909518213866,6.971932888031006,
1.2138660399529964,11.410560607910156,
1.2150411280846063,7.264316082000732,
1.2162162162162162,7.3678741455078125,
1.2173913043478262,7.165218353271484,
1.2185663924794359,8.344237327575684,
1.2197414806110458,6.40733003616333,
1.2209165687426558,6.667169094085693,
1.2220916568742655,9.181120872497559,
1.2232667450058754,7.191685199737549,
1.2244418331374853,9.029687881469727,
1.2256169212690953,8.794392585754395,
1.226792009400705,7.617435455322266,
1.227967097532315,8.455608367919922,
1.2291421856639249,6.755861759185791,
1.2303172737955346,11.297897338867188,
1.2314923619271445,6.557485103607178,
1.2326674500587544,7.538354396820068,
1.2338425381903644,7.267258644104004,
1.235017626321974,7.232771873474121,
1.236192714453584,7.746853351593018,
1.237367802585194,7.8123393058776855,
1.2385428907168037,5.951172828674316,
1.2397179788484136,6.977694511413574,
1.2408930669800236,5.562084674835205,
1.2420681551116335,7.120446681976318,
1.2432432432432432,7.5998992919921875,
1.2444183313748531,8.107044219970703,
1.245593419506463,9.430333137512207,
1.2467685076380728,10.18002986907959,
1.2479435957696827,9.17191219329834,
1.2491186839012927,6.620970726013184,
1.2502937720329026,8.358203887939453,
1.2514688601645123,8.254074096679688,
1.2526439482961222,9.860097885131836,
1.253819036427732,7.073059558868408,
1.254994124559342,8.01270580291748,
1.2561692126909518,7.318666934967041,
1.2573443008225618,6.953146457672119,
1.2585193889541715,6.690519332885742,
1.2596944770857814,7.972970962524414,
1.2608695652173914,7.673392295837402,
1.262044653349001,8.600153923034668,
1.263219741480611,8.749909400939941,
1.264394829612221,8.291089057922363,
1.2655699177438309,7.387472629547119,
1.2667450058754406,8.543905258178711,
1.2679200940070505,8.233903884887695,
1.2690951821386605,8.698089599609375,
1.2702702702702702,6.250569820404053,
1.27144535840188,7.810217380523682,
1.27262044653349,9.698387145996094,
1.2737955346651,6.479307174682617,
1.2749706227967097,8.982035636901855,
1.2761457109283196,6.467874050140381,
1.2773207990599296,9.100447654724121,
1.2784958871915393,7.757455825805664,
1.2796709753231492,8.016563415527344,
1.2808460634547592,6.03165864944458,
1.282021151586369,8.26693058013916,
1.2831962397179788,10.28803539276123,
1.2843713278495887,5.726984024047852,
1.2855464159811985,5.567819118499756,
1.2867215041128084,6.211711883544922,
1.2878965922444183,7.575542449951172,
1.2890716803760283,7.675886631011963,
1.2902467685076382,7.072150707244873,
1.291421856639248,8.07923698425293,
1.2925969447708578,7.1189141273498535,
1.2937720329024676,7.9462785720825195,
1.2949471210340775,7.207747459411621,
1.2961222091656874,7.211507320404053,
1.2972972972972974,8.673046112060547,
1.2984723854289073,6.706873893737793,
1.299647473560517,6.565398216247559,
1.300822561692127,7.35858154296875,
1.3019976498237367,5.993058204650879,
1.3031727379553466,6.954368591308594,
1.3043478260869565,8.22550106048584,
1.3055229142185665,7.291319847106934,
1.3066980023501762,6.638192176818848,
1.3078730904817861,5.7101054191589355,
1.309048178613396,6.213959693908691,
1.3102232667450058,6.839270114898682,
1.3113983548766157,6.615789890289307,
1.3125734430082256,6.812192440032959,
1.3137485311398356,5.961211681365967,
1.3149236192714453,7.11586332321167,
1.3160987074030552,8.048905372619629,
1.3172737955346652,7.295915603637695,
1.3184488836662749,6.347280025482178,
1.3196239717978848,6.822442054748535,
1.3207990599294948,7.6426615715026855,
1.3219741480611047,6.2611589431762695,
1.3231492361927144,8.094808578491211,
1.3243243243243243,8.218480110168457,
1.3254994124559343,7.533874988555908,
1.326674500587544,6.792746067047119,
1.327849588719154,7.511849403381348,
1.3290246768507639,6.062864780426025,
1.3301997649823738,7.336466312408447,
1.3313748531139835,7.556654930114746,
1.3325499412455935,6.824814796447754,
1.3337250293772032,6.201335430145264,
1.334900117508813,6.815131664276123,
1.336075205640423,5.739790916442871,
1.337250293772033,7.002974033355713,
1.338425381903643,6.959057331085205,
1.3396004700352526,6.5539422035217285,
1.3407755581668626,8.514041900634766,
1.3419506462984723,6.593210220336914,
1.3431257344300822,6.230442047119141,
1.3443008225616921,6.9785003662109375,
1.345475910693302,5.573884963989258,
1.3466509988249118,5.599747657775879,
1.3478260869565217,5.720909595489502,
1.3490011750881317,7.261739253997803,
1.3501762632197414,5.062206268310547,
1.3513513513513513,7.403015613555908,
1.3525264394829613,7.201221466064453,
1.3537015276145712,7.796307563781738,
1.354876615746181,6.060631275177002,
1.3560517038777908,6.743558883666992,
1.3572267920094008,6.687245845794678,
1.3584018801410105,7.25118350982666,
1.3595769682726204,5.847517013549805,
1.3607520564042304,6.892890453338623,
1.3619271445358403,8.057783126831055,
1.36310223266745,7.388548851013184,
1.36427732079906,5.048712730407715,
1.3654524089306699,6.222355365753174,
1.3666274970622796,7.930551528930664,
1.3678025851938895,5.545243263244629,
1.3689776733254995,5.109839916229248,
1.3701527614571094,8.33922290802002,
1.3713278495887191,6.228539943695068,
1.372502937720329,6.447307109832764,
1.3736780258519388,5.829676151275635,
1.3748531139835487,6.535726547241211,
1.3760282021151586,6.971424579620361,
1.3772032902467686,8.878070831298828,
1.3783783783783785,7.764110565185547,
1.3795534665099882,6.438002109527588,
1.3807285546415982,5.366253852844238,
1.3819036427732079,6.248095989227295,
1.3830787309048178,6.908864498138428,
1.3842538190364277,8.32036018371582,
1.3854289071680377,8.953235626220703,
1.3866039952996474,5.836206912994385,
1.3877790834312573,4.698600769042969,
1.3889541715628673,6.790334701538086,
1.390129259694477,8.199173927307129,
1.391304347826087,5.199612617492676,
1.3924794359576969,5.8085527420043945,
1.3936545240893068,7.710109710693359,
1.3948296122209165,7.899306774139404,
1.3960047003525264,7.820277690887451,
1.3971797884841364,7.74616813659668,
1.398354876615746,6.911088466644287,
1.399529964747356,7.468800067901611,
1.400705052878966,7.9135332107543945,
1.401880141010576,5.30246114730835,
1.4030552291421856,6.296075344085693,
1.4042303172737955,5.733288764953613,
1.4054054054054055,7.193723678588867,
1.4065804935370152,5.221827030181885,
1.4077555816686251,4.828580856323242,
1.408930669800235,6.175487995147705,
1.410105757931845,6.039365291595459,
1.4112808460634547,4.883286952972412,
1.4124559341950647,8.107606887817383,
1.4136310223266744,5.789834976196289,
1.4148061104582843,8.216232299804688,
1.4159811985898942,5.955063343048096,
1.4171562867215042,5.23929500579834,
1.4183313748531141,6.901392936706543,
1.4195064629847238,5.704688549041748,
1.4206815511163338,5.825529098510742,
1.4218566392479435,5.840118408203125,
1.4230317273795534,7.2369704246521,
1.4242068155111633,6.083324909210205,
1.4253819036427733,6.9800310134887695,
1.426556991774383,5.997470855712891,
1.427732079905993,6.73002290725708,
1.4289071680376029,5.888920783996582,
1.4300822561692126,4.746164798736572,
1.4312573443008225,7.631866455078125,
1.4324324324324325,7.070072174072266,
1.4336075205640424,6.290924549102783,
1.434782608695652,5.651996612548828,
1.435957696827262,4.679440975189209,
1.437132784958872,5.846977233886719,
1.4383078730904817,7.41288948059082,
1.4394829612220916,7.808478355407715,
1.4406580493537016,6.165162563323975,
1.4418331374853115,5.116976261138916,
1.4430082256169212,5.768321514129639,
1.4441833137485312,5.38180685043335,
1.445358401880141,7.816296577453613,
1.4465334900117508,5.019139766693115,
1.4477085781433607,6.580084800720215,
1.4488836662749707,5.9831037521362305,
1.4500587544065806,6.0541462898254395,
1.4512338425381903,6.023856163024902,
1.4524089306698003,5.577431678771973,
1.45358401880141,4.525737285614014,
1.45475910693302,6.627477645874023,
1.4559341950646298,5.158471584320068,
1.4571092831962398,6.003839492797852,
1.4582843713278497,5.6680827140808105,
1.4594594594594594,5.978850364685059,
1.4606345475910694,6.518825531005859,
1.461809635722679,5.697813987731934,
1.462984723854289,4.605040550231934,
1.464159811985899,6.095166206359863,
1.4653349001175089,7.645778656005859,
1.4665099882491186,7.910154342651367,
1.4676850763807285,5.482514381408691,
1.4688601645123385,5.700446128845215,
1.4700352526439482,7.407260894775391,
1.4712103407755581,8.401411056518555,
1.472385428907168,5.144303321838379,
1.473560517038778,5.46705436706543,
1.4747356051703877,8.489335060119629,
1.4759106933019976,6.462717056274414,
1.4770857814336076,7.294499397277832,
1.4782608695652173,5.931090354919434,
1.4794359576968272,6.758483409881592,
1.4806110458284372,6.075844764709473,
1.481786133960047,6.652283668518066,
1.4829612220916568,6.7976579666137695,
1.4841363102232668,8.569609642028809,
1.4853113983548767,6.660897254943848,
1.4864864864864864,6.140019416809082,
1.4876615746180963,5.273479461669922,
1.4888366627497063,5.94602632522583,
1.4900117508813162,7.71308708190918,
1.491186839012926,6.134707450866699,
1.4923619271445359,4.498763084411621,
1.4935370152761456,8.145676612854004,
1.4947121034077555,5.818544864654541,
1.4958871915393654,5.256005764007568,
1.4970622796709754,4.325721263885498,
1.4982373678025853,4.100193977355957,
1.499412455934195,5.564279556274414,
1.500587544065805,6.831404209136963,
1.5017626321974147,5.667910575866699,
1.5029377203290246,6.280442714691162,
1.5041128084606346,4.434956073760986,
1.5052878965922445,6.520662784576416,
1.5064629847238544,5.1177754402160645,
1.5076380728554641,5.699048042297363,
1.508813160987074,6.173582077026367,
1.5099882491186838,6.525418758392334,
1.5111633372502937,9.424814224243164,
1.5123384253819037,7.351124286651611,
1.5135135135135136,5.312632083892822,
1.5146886016451235,6.369364261627197,
1.5158636897767332,4.4267144203186035,
1.517038777908343,5.941493034362793,
1.518213866039953,5.848278045654297,
1.5193889541715628,5.174248695373535,
1.5205640423031728,5.654767036437988,
1.5217391304347827,6.883447170257568,
1.5229142185663926,4.547586917877197,
1.5240893066980024,5.861515522003174,
1.525264394829612,5.24080228805542,
1.526439482961222,5.359764575958252,
1.527614571092832,6.150060653686523,
1.5287896592244419,6.232295036315918,
1.5299647473560518,4.934218883514404,
1.5311398354876615,4.722548007965088,
1.5323149236192715,6.98744010925293,
1.5334900117508812,7.040832996368408,
1.5346650998824911,8.317011833190918,
1.535840188014101,4.727083206176758,
1.537015276145711,6.895938873291016,
1.538190364277321,5.0453572273254395,
1.5393654524089306,6.114445209503174,
1.5405405405405406,5.726048946380615,
1.5417156286721503,7.452108383178711,
1.5428907168037602,5.708148002624512,
1.5440658049353702,4.435618877410889,
1.54524089306698,5.016922473907471,
1.54641598119859,7.433420181274414,
1.5475910693301997,5.799184322357178,
1.5487661574618097,5.892570495605469,
1.5499412455934194,6.622369766235352,
1.5511163337250293,6.082031726837158,
1.5522914218566393,4.522907257080078,
1.5534665099882492,5.919636249542236,
1.5546415981198591,6.37962532043457,
1.5558166862514688,5.622560501098633,
1.5569917743830788,5.469120025634766,
1.5581668625146885,6.684691429138184,
1.5593419506462984,5.319432735443115,
1.5605170387779084,6.352813243865967,
1.5616921269095183,6.03965950012207,
1.5628672150411282,7.681638717651367,
1.564042303172738,6.775912761688232,
1.5652173913043477,6.7228684425354,
1.5663924794359576,4.676872730255127,
1.5675675675675675,5.578291416168213,
1.5687426556991775,7.619436264038086,
1.5699177438307874,6.205169677734375,
1.5710928319623971,6.596618175506592,
1.572267920094007,5.6411004066467285,
1.5734430082256168,6.726383209228516,
1.5746180963572267,5.481250286102295,
1.5757931844888367,4.11051082611084,
1.5769682726204466,5.03713846206665,
1.5781433607520565,7.05357027053833,
1.5793184488836662,5.835093975067139,
1.5804935370152762,5.2295613288879395,
1.5816686251468859,3.8927557468414307,
1.5828437132784958,6.734273433685303,
1.5840188014101058,5.134160995483398,
1.5851938895417157,4.863279819488525,
1.5863689776733256,6.0586748123168945,
1.5875440658049353,5.34199857711792,
1.5887191539365453,4.521605014801025,
1.589894242068155,3.9834365844726562,
1.591069330199765,8.426557540893555,
1.5922444183313749,6.378219127655029,
1.5934195064629848,5.952129364013672,
1.5945945945945947,5.649434566497803,
1.5957696827262045,5.12214469909668,
1.5969447708578144,5.697895050048828,
1.598119858989424,5.533446311950684,
1.599294947121034,4.61727237701416,
1.600470035252644,5.356503009796143,
1.601645123384254,6.608163356781006,
1.6028202115158638,4.8724365234375,
1.6039952996474736,5.529266357421875,
1.6051703877790833,7.170919895172119,
1.6063454759106932,5.687044620513916,
1.6075205640423031,4.6569437980651855,
1.608695652173913,7.3007402420043945,
1.609870740305523,6.808916091918945,
1.6110458284371327,5.435760498046875,
1.6122209165687427,5.121114730834961,
1.6133960047003524,5.429154872894287,
1.6145710928319623,5.648767948150635,
1.6157461809635723,5.318831443786621,
1.6169212690951822,5.932995796203613,
1.6180963572267921,5.545979976654053,
1.6192714453584018,6.057542324066162,
1.6204465334900118,6.74470853805542,
1.6216216216216215,3.993661880493164,
1.6227967097532314,6.518889904022217,
1.6239717978848414,4.680877208709717,
1.6251468860164513,5.565672874450684,
1.6263219741480612,5.656912326812744,
1.627497062279671,6.217010498046875,
1.6286721504112809,6.36223840713501,
1.6298472385428906,5.10286808013916,
1.6310223266745005,5.80192232131958,
1.6321974148061105,5.158079147338867,
1.6333725029377204,4.485473155975342,
1.6345475910693303,6.874021530151367,
1.63572267920094,9.933046340942383,
1.63689776733255,6.097970962524414,
1.6380728554641597,5.497560501098633,
1.6392479435957696,4.371739864349365,
1.6404230317273796,6.869237899780273,
1.6415981198589895,8.004279136657715,
1.6427732079905994,4.507303237915039,
1.6439482961222092,4.65801477432251,
1.6451233842538189,6.1250691413879395,
1.6462984723854288,5.985654354095459,
1.6474735605170387,5.8959879875183105,
1.6486486486486487,6.583221435546875,
1.6498237367802586,5.151155948638916,
1.6509988249118686,4.705721378326416,
1.6521739130434783,6.394263744354248,
1.653349001175088,6.61142110824585,
1.654524089306698,4.865165710449219,
1.6556991774383079,6.291529655456543,
1.6568742655699178,4.689363956451416,
1.6580493537015277,6.912497043609619,
1.6592244418331374,3.8717362880706787,
1.6603995299647474,6.684723854064941,
1.661574618096357,5.628686428070068,
1.662749706227967,5.072084426879883,
1.663924794359577,5.519202709197998,
1.665099882491187,5.165494918823242,
1.6662749706227968,6.113006114959717,
1.6674500587544065,6.320786952972412,
1.6686251468860165,6.143985271453857,
1.6698002350176262,4.645608425140381,
1.6709753231492361,4.539475917816162,
1.672150411280846,8.6318998336792,
1.673325499412456,4.796409606933594,
1.674500587544066,5.46787691116333,
1.6756756756756757,5.35587215423584,
1.6768507638072856,8.313660621643066,
1.6780258519388953,5.349769115447998,
1.6792009400705052,4.851124286651611,
1.6803760282021152,4.008461952209473,
1.6815511163337251,6.251200199127197,
1.682726204465335,6.806509494781494,
1.6839012925969448,5.367191314697266,
1.6850763807285545,5.293905735015869,
1.6862514688601644,4.983076095581055,
1.6874265569917744,6.129546642303467,
1.6886016451233843,4.912075996398926,
1.6897767332549942,5.903836250305176,
1.6909518213866042,5.596998691558838,
1.6921269095182139,8.254422187805176,
1.6933019976498236,6.0593767166137695,
1.6944770857814335,4.421366214752197,
1.6956521739130435,5.2869720458984375,
1.6968272620446534,4.697207450866699,
1.6980023501762633,3.9453344345092773,
1.699177438307873,6.9893574714660645,
1.700352526439483,4.251244068145752,
1.7015276145710927,4.15595006942749,
1.7027027027027026,6.909328460693359,
1.7038777908343126,3.672321081161499,
1.7050528789659225,3.827955722808838,
1.7062279670975324,6.968379497528076,
1.7074030552291422,7.252581596374512,
1.708578143360752,4.977366924285889,
1.7097532314923618,5.051595687866211,
1.7109283196239717,6.590411186218262,
1.7121034077555817,7.154425621032715,
1.7132784958871916,5.868528842926025,
1.7144535840188015,6.142506122589111,
1.7156286721504113,7.249852657318115,
1.7168037602820212,5.413150310516357,
1.717978848413631,4.452515602111816,
1.7191539365452408,6.504391670227051,
1.7203290246768508,5.7295918464660645,
1.7215041128084607,5.5269646644592285,
1.7226792009400707,5.354822635650635,
1.7238542890716804,5.834222793579102,
1.72502937720329,4.778271675109863,
1.7262044653349,5.844538688659668,
1.72737955346651,5.705402374267578,
1.72855464159812,4.131484508514404,
1.7297297297297298,5.8469038009643555,
1.7309048178613398,4.862970352172852,
1.7320799059929495,5.003523826599121,
1.7332549941245592,4.246058464050293,
1.7344300822561691,5.4516282081604,
1.735605170387779,4.438952922821045,
1.736780258519389,6.502171993255615,
1.737955346650999,6.2016754150390625,
1.7391304347826086,8.686777114868164,
1.7403055229142186,5.727609634399414,
1.7414806110458283,6.086675643920898,
1.7426556991774382,5.169177532196045,
1.7438307873090482,5.118064880371094,
1.745005875440658,5.209280014038086,
1.746180963572268,6.334702491760254,
1.7473560517038778,5.486453533172607,
1.7485311398354877,5.145526885986328,
1.7497062279670974,4.662670135498047,
1.7508813160987073,6.443708419799805,
1.7520564042303173,6.256820201873779,
1.7532314923619272,4.746282577514648,
1.7544065804935371,4.7025675773620605,
1.7555816686251469,6.019242286682129,
1.7567567567567568,4.1609015464782715,
1.7579318448883665,5.424037456512451,
1.7591069330199764,5.6232404708862305,
1.7602820211515864,5.406377792358398,
1.7614571092831963,6.445122718811035,
1.7626321974148063,5.012716293334961,
1.763807285546416,6.064844131469727,
1.764982373678026,9.173800468444824,
1.7661574618096356,6.926570892333984,
1.7673325499412456,6.49239444732666,
1.7685076380728555,4.976551055908203,
1.7696827262044654,6.888664245605469,
1.7708578143360754,4.798978328704834,
1.772032902467685,6.103330612182617,
1.7732079905992948,6.968358039855957,
1.7743830787309047,4.081947326660156,
1.7755581668625147,6.120799541473389,
1.7767332549941246,6.281949996948242,
1.7779083431257345,4.089595794677734,
1.7790834312573442,4.382966995239258,
1.7802585193889542,6.008865833282471,
1.781433607520564,6.284821033477783,
1.7826086956521738,5.716214179992676,
1.7837837837837838,4.401195526123047,
1.7849588719153937,5.348909854888916,
1.7861339600470036,6.671518802642822,
1.7873090481786134,4.758357524871826,
1.7884841363102233,3.9410507678985596,
1.789659224441833,5.414628982543945,
1.790834312573443,4.978612899780273,
1.7920094007050529,3.9570677280426025,
1.7931844888366628,5.727747440338135,
1.7943595769682728,5.017104148864746,
1.7955346650998825,6.977188587188721,
1.7967097532314924,5.902231216430664,
1.7978848413631021,5.965263366699219,
1.799059929494712,5.463024616241455,
1.800235017626322,4.273924350738525,
1.801410105757932,5.306763648986816,
1.8025851938895419,4.501013278961182,
1.8037602820211516,4.9447855949401855,
1.8049353701527615,7.0804338455200195,
1.8061104582843712,5.5017900466918945,
1.8072855464159812,5.867703437805176,
1.808460634547591,6.5841217041015625,
1.809635722679201,6.312778472900391,
1.810810810810811,4.98658561706543,
1.8119858989424207,5.227595329284668,
1.8131609870740304,5.331967353820801,
1.8143360752056403,5.454736709594727,
1.8155111633372503,6.431048393249512,
1.8166862514688602,5.014017581939697,
1.8178613396004701,5.312623500823975,
1.8190364277320799,4.0644450187683105,
1.8202115158636898,7.761108875274658,
1.8213866039952995,3.4476709365844727,
1.8225616921269094,5.06298303604126,
1.8237367802585194,5.482565402984619,
1.8249118683901293,4.543060779571533,
1.8260869565217392,5.145053386688232,
1.827262044653349,6.225691795349121,
1.828437132784959,5.155139923095703,
1.8296122209165686,5.111540794372559,
1.8307873090481785,6.093316078186035,
1.8319623971797885,4.789899826049805,
1.8331374853113984,5.178482532501221,
1.8343125734430084,6.337538719177246,
1.835487661574618,4.715057373046875,
1.836662749706228,5.277625560760498,
1.8378378378378377,4.220174312591553,
1.8390129259694477,4.835958480834961,
1.8401880141010576,5.4004807472229,
1.8413631022326675,5.9319939613342285,
1.8425381903642775,5.455140590667725,
1.8437132784958872,4.284477233886719,
1.8448883666274971,6.309068202972412,
1.8460634547591068,6.096663951873779,
1.8472385428907168,5.193094253540039,
1.8484136310223267,5.481716632843018,
1.8495887191539366,5.789948463439941,
1.8507638072855466,4.494049549102783,
1.8519388954171563,6.028883934020996,
1.853113983548766,5.3216705322265625,
1.854289071680376,5.745737552642822,
1.8554641598119859,4.143770217895508,
1.8566392479435958,4.728329658508301,
1.8578143360752057,6.85780668258667,
1.8589894242068157,5.375403881072998,
1.8601645123384254,5.238123416900635,
1.861339600470035,4.926724910736084,
1.862514688601645,4.654388427734375,
1.863689776733255,7.810493469238281,
1.864864864864865,5.975840091705322,
1.8660399529964748,7.1859025955200195,
1.8672150411280846,7.162437438964844,
1.8683901292596945,4.74258279800415,
1.8695652173913042,4.422064304351807,
1.8707403055229141,5.802472114562988,
1.871915393654524,5.538125514984131,
1.873090481786134,4.8858323097229,
1.874265569917744,5.108180046081543,
1.8754406580493537,4.850072860717773,
1.8766157461809636,6.700183391571045,
1.8777908343125733,5.644744873046875,
1.8789659224441833,4.621619701385498,
1.8801410105757932,6.147615432739258,
1.8813160987074031,6.791637420654297,
1.882491186839013,4.779323577880859,
1.8836662749706228,5.719061374664307,
1.8848413631022327,5.253644943237305,
1.8860164512338424,6.5731306076049805,
1.8871915393654524,4.734537124633789,
1.8883666274970623,4.1505560874938965,
1.8895417156286722,5.283535003662109,
1.8907168037602822,4.298573017120361,
1.8918918918918919,4.583624839782715,
1.8930669800235016,4.446972370147705,
1.8942420681551115,5.499547481536865,
1.8954171562867215,3.5830750465393066,
1.8965922444183314,4.624563694000244,
1.8977673325499413,3.885570526123047,
1.8989424206815513,6.430658340454102,
1.900117508813161,4.872412204742432,
1.9012925969447707,6.691176891326904,
1.9024676850763806,6.030525207519531,
1.9036427732079906,5.2291364669799805,
1.9048178613396005,4.657607555389404,
1.9059929494712105,5.479811191558838,
1.9071680376028202,4.59888219833374,
1.90834312573443,4.545377731323242,
1.9095182138660398,4.542535305023193,
1.9106933019976498,5.013916969299316,
1.9118683901292597,4.934250831604004,
1.9130434782608696,5.882866859436035,
1.9142185663924796,4.798115253448486,
1.9153936545240893,6.934401035308838,
1.9165687426556992,5.344208717346191,
1.917743830787309,6.479825973510742,
1.9189189189189189,6.018968105316162,
1.9200940070505288,4.49695348739624,
1.9212690951821387,5.891870021820068,
1.9224441833137487,3.582052230834961,
1.9236192714453584,8.495519638061523,
1.9247943595769683,4.507990837097168,
1.925969447708578,5.3523945808410645,
1.927144535840188,4.607616424560547,
1.928319623971798,7.577535629272461,
1.9294947121034078,5.954735279083252,
1.9306698002350178,4.241282939910889,
1.9318448883666275,4.05851411819458,
1.9330199764982372,4.435864448547363,
1.9341950646298471,5.798219203948975,
1.935370152761457,5.5393266677856445,
1.936545240893067,4.186798572540283,
1.937720329024677,6.8781280517578125,
1.9388954171562869,5.350221157073975,
1.9400705052878966,5.028419494628906,
1.9412455934195063,7.13431453704834,
1.9424206815511162,5.180050373077393,
1.9435957696827262,4.997164726257324,
1.9447708578143361,5.411877155303955,
1.945945945945946,4.427359580993652,
1.9471210340775558,4.3134260177612305,
1.9482961222091657,5.267946720123291,
1.9494712103407754,4.576946258544922,
1.9506462984723854,5.729269504547119,
1.9518213866039953,5.744866371154785,
1.9529964747356052,5.649358749389648,
1.9541715628672152,5.393126487731934,
1.9553466509988249,5.028767108917236,
1.9565217391304348,5.098012447357178,
1.9576968272620445,5.781481742858887,
1.9588719153936545,6.311790943145752,
1.9600470035252644,7.458695411682129,
1.9612220916568743,5.165043354034424,
1.9623971797884843,5.512365818023682,
1.963572267920094,4.485790252685547,
1.964747356051704,4.504584312438965,
1.9659224441833136,4.896176338195801,
1.9670975323149236,3.7457997798919678,
1.9682726204465335,7.376945495605469,
1.9694477085781434,5.07462739944458,
1.9706227967097534,5.443587303161621,
1.971797884841363,7.223887920379639,
1.972972972972973,6.51854944229126,
1.9741480611045827,5.8662567138671875,
1.9753231492361927,5.246094226837158,
1.9764982373678026,6.077132701873779,
1.9776733254994125,7.5455780029296875,
1.9788484136310225,5.068508625030518,
1.9800235017626322,5.11910343170166,
1.981198589894242,4.223360061645508,
1.9823736780258518,6.593078136444092,
1.9835487661574618,4.168916702270508,
1.9847238542890717,4.688808917999268,
1.9858989424206817,3.679732084274292,
1.9870740305522914,5.6840596199035645,
1.9882491186839013,6.366973876953125,
1.989424206815511,6.855025768280029,
1.990599294947121,5.301631927490234,
1.991774383078731,6.368974208831787,
1.9929494712103408,7.768232345581055,
1.9941245593419508,4.210792541503906,
1.9952996474735605,5.336922645568848,
1.9964747356051704,4.828122138977051,
1.9976498237367801,6.712882041931152,
1.99882491186839,6.756610870361328,
2.0,4.546520233154297,1.1715115308761597
2.00117508813161,4.689711093902588,
2.00235017626322,5.937624931335449,
2.00352526439483,7.007162094116211,
2.0047003525264393,6.613884925842285,
2.0058754406580492,5.2458600997924805,
2.007050528789659,5.385786533355713,
2.008225616921269,4.599239826202393,
2.009400705052879,4.4417405128479,
2.010575793184489,5.314720630645752,
2.011750881316099,6.3780107498168945,
2.0129259694477084,4.770979404449463,
2.0141010575793183,4.451925754547119,
2.0152761457109283,4.300127029418945,
2.016451233842538,5.08759069442749,
2.017626321974148,6.035529136657715,
2.018801410105758,5.954099178314209,
2.0199764982373676,6.5757670402526855,
2.0211515863689775,5.04531192779541,
2.0223266745005875,4.676715850830078,
2.0235017626321974,6.882391929626465,
2.0246768507638073,7.498867034912109,
2.0258519388954173,6.273853778839111,
2.027027027027027,5.042283058166504,
2.0282021151586367,4.957835674285889,
2.0293772032902466,6.728438377380371,
2.0305522914218566,5.016706943511963,
2.0317273795534665,4.884513854980469,
2.0329024676850764,5.230625152587891,
2.0340775558166864,4.910168647766113,
2.0352526439482963,5.425802230834961,
2.036427732079906,4.78717565536499,
2.0376028202115157,5.044764041900635,
2.0387779083431257,4.916721820831299,
2.0399529964747356,5.169502258300781,
2.0411280846063455,6.1888813972473145,
2.0423031727379555,6.334463596343994,
2.0434782608695654,5.773885250091553,
2.044653349001175,3.8149380683898926,
2.045828437132785,4.7092485427856445,
2.0470035252643948,5.578022003173828,
2.0481786133960047,4.598995208740234,
2.0493537015276146,4.106528282165527,
2.0505287896592246,6.07930850982666,
2.0517038777908345,4.133725166320801,
2.052878965922444,3.8566863536834717,
2.054054054054054,4.675206661224365,
2.055229142185664,4.261987209320068,
2.056404230317274,5.438272953033447,
2.0575793184488838,6.265000343322754,
2.0587544065804937,4.89265251159668,
2.0599294947121036,5.520145416259766,
2.061104582843713,6.819152355194092,
2.062279670975323,6.010268211364746,
2.063454759106933,5.009016036987305,
2.064629847238543,4.820275783538818,
2.065804935370153,4.837129592895508,
2.066980023501763,6.080960273742676,
2.0681551116333723,4.555548191070557,
2.0693301997649822,6.581883430480957,
2.070505287896592,4.564214706420898,
2.071680376028202,7.609543323516846,
2.072855464159812,4.434513092041016,
2.074030552291422,6.213855266571045,
2.075205640423032,4.987133502960205,
2.0763807285546414,4.907313346862793,
2.0775558166862513,4.042585372924805,
2.0787309048178613,4.336634159088135,
2.079905992949471,4.834561824798584,
2.081081081081081,7.2611308097839355,
2.082256169212691,5.281824588775635,
2.083431257344301,5.5561299324035645,
2.0846063454759105,5.203073024749756,
2.0857814336075204,4.3299665451049805,
2.0869565217391304,5.522646427154541,
2.0881316098707403,4.746843338012695,
2.0893066980023502,6.891887187957764,
2.09048178613396,4.604104995727539,
2.09165687426557,5.290752410888672,
2.0928319623971796,4.4322357177734375,
2.0940070505287895,4.4262542724609375,
2.0951821386603995,4.139353275299072,
2.0963572267920094,6.357425212860107,
2.0975323149236194,4.132051467895508,
2.0987074030552293,5.367072105407715,
2.099882491186839,5.947637557983398,
2.1010575793184487,4.967248439788818,
2.1022326674500587,5.664608001708984,
2.1034077555816686,4.953650951385498,
2.1045828437132785,5.732048511505127,
2.1057579318448885,4.368819236755371,
2.1069330199764984,7.009491443634033,
2.108108108108108,4.975921630859375,
2.109283196239718,4.707790374755859,
2.1104582843713278,5.395936012268066,
2.1116333725029377,6.00615930557251,
2.1128084606345476,5.993343830108643,
2.1139835487661576,5.198956489562988,
2.1151586368977675,4.618977069854736,
2.116333725029377,4.2009758949279785,
2.117508813160987,4.3604326248168945,
2.118683901292597,5.369701862335205,
2.119858989424207,3.8691723346710205,
2.1210340775558167,5.140833377838135,
2.1222091656874267,5.987315654754639,
2.1233842538190366,6.790565490722656,
2.124559341950646,3.639423370361328,
2.125734430082256,3.714703321456909,
2.126909518213866,4.364015579223633,
2.128084606345476,4.56931734085083,
2.129259694477086,7.460013389587402,
2.130434782608696,3.905144691467285,
2.1316098707403057,5.54245138168335,
2.132784958871915,4.10680627822876,
2.133960047003525,5.0904645919799805,
2.135135135135135,3.9244000911712646,
2.136310223266745,3.4206886291503906,
2.137485311398355,3.1508028507232666,
2.138660399529965,5.074865341186523,
2.139835487661575,5.883768081665039,
2.1410105757931843,3.33845591545105,
2.1421856639247943,5.409733772277832,
2.143360752056404,4.407679080963135,
2.144535840188014,5.421250820159912,
2.145710928319624,4.5617756843566895,
2.146886016451234,4.740964889526367,
2.148061104582844,4.547384262084961,
2.1492361927144534,6.8297224044799805,
2.1504112808460634,4.438962936401367,
2.1515863689776733,5.994112491607666,
2.1527614571092832,5.530791759490967,
2.153936545240893,4.341874122619629,
2.155111633372503,3.9643168449401855,
2.1562867215041126,5.464679718017578,
2.1574618096357225,6.133319854736328,
2.1586368977673325,6.275123119354248,
2.1598119858989424,3.6762349605560303,
2.1609870740305523,5.5721259117126465,
2.1621621621621623,3.6581928730010986,
2.163337250293772,5.680179595947266,
2.1645123384253817,3.672797918319702,
2.1656874265569916,5.14878511428833,
2.1668625146886016,5.666079044342041,
2.1680376028202115,5.206068515777588,
2.1692126909518215,3.2051987648010254,
2.1703877790834314,6.305385112762451,
2.1715628672150413,4.716348648071289,
2.172737955346651,5.254809379577637,
2.1739130434782608,5.39043664932251,
2.1750881316098707,4.825834274291992,
2.1762632197414806,5.545873641967773,
2.1774383078730906,5.507604598999023,
2.1786133960047005,5.566094398498535,
2.17978848413631,4.767794609069824,
2.18096357226792,5.403050899505615,
2.18213866039953,4.980813503265381,
2.18331374853114,6.424531936645508,
2.1844888366627497,5.609133720397949,
2.1856639247943597,5.444186687469482,
2.1868390129259696,4.71151876449585,
2.188014101057579,4.162291049957275,
2.189189189189189,4.465679168701172,
2.190364277320799,4.157953262329102,
2.191539365452409,3.407465934753418,
2.192714453584019,2.549168825149536,
2.1938895417156288,5.103580951690674,
2.1950646298472387,5.387977123260498,
2.196239717978848,3.782701253890991,
2.197414806110458,6.118309020996094,
2.198589894242068,4.962520599365234,
2.199764982373678,4.584493160247803,
2.200940070505288,4.804070949554443,
2.202115158636898,4.792267799377441,
2.203290246768508,5.201406478881836,
2.2044653349001173,5.772488117218018,
2.2056404230317272,4.199151039123535,
2.206815511163337,4.8534345626831055,
2.207990599294947,4.168376922607422,
2.209165687426557,3.8000102043151855,
2.210340775558167,3.942884922027588,
2.211515863689777,7.03314208984375,
2.2126909518213864,3.4775030612945557,
2.2138660399529964,5.342421054840088,
2.2150411280846063,3.685107469558716,
2.2162162162162162,3.622541904449463,
2.217391304347826,4.9021100997924805,
2.218566392479436,5.453353404998779,
2.219741480611046,4.864483833312988,
2.2209165687426555,4.182797431945801,
2.2220916568742655,3.509387969970703,
2.2232667450058754,5.874181747436523,
2.2244418331374853,4.548658847808838,
2.2256169212690953,7.190687656402588,
2.226792009400705,5.163048267364502,
2.227967097532315,4.572641372680664,
2.2291421856639246,5.714197635650635,
2.2303172737955346,6.411942481994629,
2.2314923619271445,5.003692626953125,
2.2326674500587544,6.119288444519043,
2.2338425381903644,5.545906066894531,
2.2350176263219743,5.494541168212891,
2.2361927144535843,4.677206516265869,
2.2373678025851937,6.113394737243652,
2.2385428907168037,5.157102108001709,
2.2397179788484136,5.286301136016846,
2.2408930669800236,7.6911091804504395,
2.2420681551116335,5.302770137786865,
2.2432432432432434,4.76508092880249,
2.244418331374853,6.077264785766602,
2.245593419506463,5.4577956199646,
2.246768507638073,4.348384857177734,
2.2479435957696827,5.6960248947143555,
2.2491186839012927,4.038980484008789,
2.2502937720329026,4.527096271514893,
2.2514688601645125,4.056850433349609,
2.252643948296122,4.11623477935791,
2.253819036427732,6.2768874168396,
2.254994124559342,4.857511520385742,
2.256169212690952,4.0232319831848145,
2.2573443008225618,3.8649914264678955,
2.2585193889541717,3.7677721977233887,
2.259694477085781,4.613659381866455,
2.260869565217391,3.3930773735046387,
2.262044653349001,6.080254554748535,
2.263219741480611,5.44318151473999,
2.264394829612221,3.8163387775421143,
2.265569917743831,4.527561664581299,
2.266745005875441,7.384764671325684,
2.2679200940070503,5.138782501220703,
2.2690951821386602,6.271352291107178,
2.27027027027027,5.55110502243042,
2.27144535840188,4.782215118408203,
2.27262044653349,5.0385966300964355,
2.2737955346651,5.4568963050842285,
2.27497062279671,4.251204013824463,
2.2761457109283194,4.174030303955078,
2.2773207990599293,4.85941219329834,
2.2784958871915393,3.953145980834961,
2.279670975323149,5.016050815582275,
2.280846063454759,5.950239658355713,
2.282021151586369,4.40656852722168,
2.283196239717979,5.134791851043701,
2.2843713278495885,3.4765825271606445,
2.2855464159811985,4.531038284301758,
2.2867215041128084,5.430953025817871,
2.2878965922444183,3.6828787326812744,
2.2890716803760283,3.8673107624053955,
2.290246768507638,5.15286111831665,
2.291421856639248,3.0480260848999023,
2.2925969447708576,3.4947454929351807,
2.2937720329024676,5.009620189666748,
2.2949471210340775,6.526337146759033,
2.2961222091656874,4.334507942199707,
2.2972972972972974,3.7734601497650146,
2.2984723854289073,4.482034206390381,
2.2996474735605172,3.9515974521636963,
2.3008225616921267,5.908824443817139,
2.3019976498237367,3.76135516166687,
2.3031727379553466,5.043120384216309,
2.3043478260869565,4.328695297241211,
2.3055229142185665,4.860193252563477,
2.3066980023501764,4.084659576416016,
2.3078730904817863,5.130316734313965,
2.309048178613396,3.788522958755493,
2.3102232667450058,4.264512062072754,
2.3113983548766157,5.030580520629883,
2.3125734430082256,4.6225481033325195,
2.3137485311398356,6.638411998748779,
2.3149236192714455,5.232941627502441,
2.3160987074030555,5.157104015350342,
2.317273795534665,3.6173653602600098,
2.318448883666275,4.485239505767822,
2.319623971797885,4.617407321929932,
2.3207990599294948,5.319570541381836,
2.3219741480611047,5.8605780601501465,
2.3231492361927146,5.352071762084961,
2.3243243243243246,6.8121747970581055,
2.325499412455934,3.5288314819335938,
2.326674500587544,4.897624492645264,
2.327849588719154,5.5968146324157715,
2.329024676850764,4.406452655792236,
2.330199764982374,5.825479507446289,
2.3313748531139837,5.972352981567383,
2.3325499412455932,4.779192924499512,
2.333725029377203,5.446433067321777,
2.334900117508813,5.074524879455566,
2.336075205640423,6.023359298706055,
2.337250293772033,4.792069911956787,
2.338425381903643,4.217441558837891,
2.3396004700352524,3.43215274810791,
2.3407755581668623,4.861152172088623,
2.3419506462984723,3.8491411209106445,
2.343125734430082,4.513731956481934,
2.344300822561692,5.062803268432617,
2.345475910693302,4.809317111968994,
2.346650998824912,3.1671059131622314,
2.3478260869565215,6.018397331237793,
2.3490011750881314,3.349658727645874,
2.3501762632197414,7.196359157562256,
2.3513513513513513,5.53406286239624,
2.3525264394829613,4.688477039337158,
2.353701527614571,4.754107475280762,
2.354876615746181,4.540268898010254,
2.3560517038777906,4.838742256164551,
2.3572267920094006,4.927063941955566,
2.3584018801410105,3.823087215423584,
2.3595769682726204,4.68806791305542,
2.3607520564042304,4.162746906280518,
2.3619271445358403,5.266541481018066,
2.3631022326674502,6.7704362869262695,
2.3642773207990597,4.818114757537842,
2.3654524089306697,3.771383762359619,
2.3666274970622796,5.784702777862549,
2.3678025851938895,4.4808669090271,
2.3689776733254995,5.315138816833496,
2.3701527614571094,5.721412181854248,
2.3713278495887193,5.83526086807251,
2.372502937720329,4.866408348083496,
2.3736780258519388,5.340847969055176,
2.3748531139835487,4.850032806396484,
2.3760282021151586,4.476844787597656,
2.3772032902467686,4.706554412841797,
2.3783783783783785,4.232619285583496,
2.3795534665099884,4.7899861335754395,
2.380728554641598,3.27982497215271,
2.381903642773208,4.476126194000244,
2.383078730904818,4.513829708099365,
2.3842538190364277,6.083926200866699,
2.3854289071680377,4.550472736358643,
2.3866039952996476,3.9746642112731934,
2.3877790834312576,4.988444805145264,
2.388954171562867,4.846925258636475,
2.390129259694477,4.060929775238037,
2.391304347826087,5.433026313781738,
2.392479435957697,4.932693004608154,
2.393654524089307,4.196578025817871,
2.3948296122209167,3.4314990043640137,
2.3960047003525267,4.4268879890441895,
2.397179788484136,5.925514221191406,
2.398354876615746,3.9025120735168457,
2.399529964747356,3.2557878494262695,
2.400705052878966,5.412118434906006,
2.401880141010576,3.63083553314209,
2.403055229142186,4.43994140625,
2.4042303172737958,4.232677459716797,
2.4054054054054053,4.347419738769531,
2.406580493537015,6.966950416564941,
2.407755581668625,3.057086944580078,
2.408930669800235,4.921120643615723,
2.410105757931845,4.200320243835449,
2.411280846063455,6.06937837600708,
2.412455934195065,5.318332195281982,
2.4136310223266744,6.950838088989258,
2.4148061104582843,4.15484094619751,
2.4159811985898942,5.5922675132751465,
2.417156286721504,3.399616241455078,
2.418331374853114,4.204296112060547,
2.4195064629847236,7.245701789855957,
2.4206815511163335,5.243081569671631,
2.4218566392479435,5.272985458374023,
2.4230317273795534,6.503526210784912,
2.4242068155111633,3.320481300354004,
2.4253819036427733,4.221465587615967,
2.426556991774383,5.526065826416016,
2.4277320799059927,4.733152389526367,
2.4289071680376026,5.097063064575195,
2.4300822561692126,5.767106056213379,
2.4312573443008225,6.651275157928467,
2.4324324324324325,4.770793914794922,
2.4336075205640424,3.933881998062134,
2.4347826086956523,5.406943321228027,
2.435957696827262,3.58382511138916,
2.4371327849588718,5.911046981811523,
2.4383078730904817,4.219677925109863,
2.4394829612220916,4.681326866149902,
2.4406580493537016,3.868271589279175,
2.4418331374853115,5.457078456878662,
2.4430082256169214,4.3446149826049805,
2.444183313748531,4.87144660949707,
2.445358401880141,5.345417022705078,
2.446533490011751,3.9955713748931885,
2.4477085781433607,4.2787065505981445,
2.4488836662749707,3.798819065093994,
2.4500587544065806,4.736232280731201,
2.4512338425381905,5.649107456207275,
2.4524089306698,3.5756583213806152,
2.45358401880141,4.616538047790527,
2.45475910693302,5.003769874572754,
2.45593419506463,7.829757213592529,
2.45710928319624,5.392812728881836,
2.4582843713278497,3.9435994625091553,
2.4594594594594597,4.051602840423584,
2.460634547591069,4.392476558685303,
2.461809635722679,5.410040378570557,
2.462984723854289,4.399698734283447,
2.464159811985899,3.8226318359375,
2.465334900117509,7.713713645935059,
2.466509988249119,4.37881326675415,
2.4676850763807288,3.878249168395996,
2.4688601645123383,5.76470422744751,
2.470035252643948,5.630734443664551,
2.471210340775558,5.320316314697266,
2.472385428907168,6.6018524169921875,
2.473560517038778,5.084391117095947,
2.474735605170388,4.836477279663086,
2.475910693301998,5.609045028686523,
2.4770857814336074,4.8659987449646,
2.4782608695652173,3.3335120677948,
2.4794359576968272,5.701289653778076,
2.480611045828437,4.415105819702148,
2.481786133960047,4.842596530914307,
2.482961222091657,4.368841648101807,
2.484136310223267,4.3308820724487305,
2.4853113983548765,4.775540351867676,
2.4864864864864864,6.359052658081055,
2.4876615746180963,5.841087341308594,
2.4888366627497063,3.9662396907806396,
2.490011750881316,3.7562124729156494,
2.491186839012926,4.307657718658447,
2.492361927144536,7.675389766693115,
2.4935370152761456,5.497992038726807,
2.4947121034077555,4.846808433532715,
2.4958871915393654,6.214637279510498,
2.4970622796709754,4.769499778747559,
2.4982373678025853,5.178457736968994,
2.4994124559341953,4.5205583572387695,
2.500587544065805,4.747257232666016,
2.5017626321974147,3.9430131912231445,
2.5029377203290246,5.214322566986084,
2.5041128084606346,4.257144451141357,
2.5052878965922445,3.9307851791381836,
2.5064629847238544,4.4467453956604,
2.507638072855464,4.471870422363281,
2.5088131609870743,4.073359489440918,
2.509988249118684,5.024874687194824,
2.5111633372502937,4.855425834655762,
2.5123384253819037,5.5095977783203125,
2.5135135135135136,3.662264585494995,
2.5146886016451235,4.959346771240234,
2.515863689776733,4.429174900054932,
2.517038777908343,4.224560260772705,
2.518213866039953,7.585028171539307,
2.519388954171563,4.631903171539307,
2.5205640423031728,4.686409950256348,
2.5217391304347827,5.249996662139893,
2.5229142185663926,4.489871501922607,
2.524089306698002,4.100935459136963,
2.525264394829612,3.6419692039489746,
2.526439482961222,3.938249111175537,
2.527614571092832,5.480396270751953,
2.528789659224442,3.7752883434295654,
2.529964747356052,3.2353150844573975,
2.5311398354876617,4.171828269958496,
2.5323149236192712,5.562125205993652,
2.533490011750881,3.9066147804260254,
2.534665099882491,4.6813836097717285,
2.535840188014101,4.690694808959961,
2.537015276145711,5.220533847808838,
2.538190364277321,4.073606491088867,
2.539365452408931,5.501194000244141,
2.5405405405405403,6.310362339019775,
2.5417156286721503,4.313313007354736,
2.54289071680376,4.76308012008667,
2.54406580493537,5.607000827789307,
2.54524089306698,3.607344627380371,
2.54641598119859,6.017517566680908,
2.5475910693302,5.425509452819824,
2.5487661574618095,7.37384557723999,
2.5499412455934194,3.7803521156311035,
2.5511163337250293,4.795525550842285,
2.5522914218566393,4.343198299407959,
2.553466509988249,3.6723361015319824,
2.554641598119859,3.935636281967163,
2.555816686251469,6.555020809173584,
2.5569917743830786,5.289890766143799,
2.5581668625146885,4.006114959716797,
2.5593419506462984,4.123707294464111,
2.5605170387779084,6.754554748535156,
2.5616921269095183,4.827284336090088,
2.5628672150411282,5.254980564117432,
2.564042303172738,3.6593849658966064,
2.5652173913043477,4.1548638343811035,
2.5663924794359576,4.089854717254639,
2.5675675675675675,4.559957981109619,
2.5687426556991775,4.691699028015137,
2.5699177438307874,4.927845478057861,
2.571092831962397,3.1919445991516113,
2.5722679200940073,3.841986656188965,
2.573443008225617,5.010471343994141,
2.5746180963572267,4.74141263961792,
2.5757931844888367,4.138731002807617,
2.5769682726204466,5.48473596572876,
2.5781433607520565,4.055938243865967,
2.579318448883666,4.407248020172119,
2.5804935370152764,4.707679748535156,
2.581668625146886,5.919705867767334,
2.582843713278496,4.8329010009765625,
2.5840188014101058,7.142574787139893,
2.5851938895417157,4.60663366317749,
2.5863689776733256,4.498565673828125,
2.587544065804935,3.8280322551727295,
2.5887191539365455,6.054019451141357,
2.589894242068155,6.798669338226318,
2.591069330199765,4.542689323425293,
2.592244418331375,5.714656352996826,
2.593419506462985,4.466431140899658,
2.5945945945945947,4.160590648651123,
2.5957696827262042,4.632023811340332,
2.5969447708578146,4.28463888168335,
2.598119858989424,4.200984001159668,
2.599294947121034,4.74289608001709,
2.600470035252644,5.494510173797607,
2.601645123384254,3.9133129119873047,
2.602820211515864,4.033308506011963,
2.6039952996474733,4.8791184425354,
2.6051703877790833,4.775070667266846,
2.606345475910693,4.906047821044922,
2.607520564042303,3.8554327487945557,
2.608695652173913,6.547918319702148,
2.609870740305523,4.833747386932373,
2.611045828437133,5.394159317016602,
2.6122209165687424,3.8559210300445557,
2.6133960047003524,4.344951629638672,
2.6145710928319623,4.686904430389404,
2.6157461809635723,2.8542964458465576,
2.616921269095182,4.433335304260254,
2.618096357226792,4.810947418212891,
2.619271445358402,3.6923491954803467,
2.6204465334900116,3.815800189971924,
2.6216216216216215,5.589876651763916,
2.6227967097532314,4.479198932647705,
2.6239717978848414,4.438005447387695,
2.6251468860164513,4.5168070793151855,
2.6263219741480612,4.698034763336182,
2.627497062279671,3.4913058280944824,
2.6286721504112807,3.6115238666534424,
2.6298472385428906,6.328672409057617,
2.6310223266745005,4.772283554077148,
2.6321974148061105,3.517235517501831,
2.6333725029377204,3.819895029067993,
2.6345475910693303,4.743566036224365,
2.6357226792009403,5.823984146118164,
2.6368977673325498,3.418522357940674,
2.6380728554641597,4.4419779777526855,
2.6392479435957696,4.455502510070801,
2.6404230317273796,5.051544666290283,
2.6415981198589895,3.662036895751953,
2.6427732079905994,3.1532464027404785,
2.6439482961222094,4.745607376098633,
2.645123384253819,5.4409027099609375,
2.646298472385429,4.348962783813477,
2.6474735605170387,6.0471038818359375,
2.6486486486486487,4.600170612335205,
2.6498237367802586,2.8291287422180176,
2.6509988249118686,4.686999797821045,
2.6521739130434785,3.9285972118377686,
2.653349001175088,3.6340932846069336,
2.654524089306698,6.7716522216796875,
2.655699177438308,3.7282297611236572,
2.656874265569918,4.749204635620117,
2.6580493537015277,4.2154316902160645,
2.659224441833137,4.426334857940674,
2.6603995299647476,5.593518257141113,
2.661574618096357,4.623257160186768,
2.662749706227967,7.952436447143555,
2.663924794359577,4.162396430969238,
2.665099882491187,3.7332966327667236,
2.666274970622797,4.801661491394043,
2.6674500587544063,3.2112088203430176,
2.6686251468860167,6.253805637359619,
2.669800235017626,4.8444976806640625,
2.670975323149236,4.243078231811523,
2.672150411280846,5.068938255310059,
2.673325499412456,6.310286998748779,
2.674500587544066,3.823115348815918,
2.6756756756756754,5.162228107452393,
2.676850763807286,4.205618381500244,
2.6780258519388953,3.8915445804595947,
2.6792009400705052,4.012376308441162,
2.680376028202115,5.670069217681885,
2.681551116333725,6.603042125701904,
2.682726204465335,4.318207263946533,
2.6839012925969445,4.109999179840088,
2.6850763807285545,3.282956123352051,
2.6862514688601644,4.485962867736816,
2.6874265569917744,4.126054763793945,
2.6886016451233843,5.294500827789307,
2.6897767332549942,5.675876140594482,
2.690951821386604,6.276166915893555,
2.6921269095182137,3.955083131790161,
2.6933019976498236,4.685770034790039,
2.6944770857814335,5.009094715118408,
2.6956521739130435,5.878349304199219,
2.6968272620446534,5.5948991775512695,
2.6980023501762633,5.061331748962402,
2.6991774383078733,4.381606578826904,
2.7003525264394828,4.426844120025635,
2.7015276145710927,4.486597537994385,
2.7027027027027026,4.633541584014893,
2.7038777908343126,4.406972408294678,
2.7050528789659225,4.135844707489014,
2.7062279670975324,5.084875106811523,
2.7074030552291424,3.3912100791931152,
2.708578143360752,4.77622127532959,
2.709753231492362,4.638769149780273,
2.7109283196239717,5.066068172454834,
2.7121034077555817,3.5695199966430664,
2.7132784958871916,4.536330223083496,
2.7144535840188015,5.7823357582092285,
2.7156286721504115,5.78154182434082,
2.716803760282021,4.293896675109863,
2.717978848413631,4.931087970733643,
2.719153936545241,3.858872175216675,
2.720329024676851,3.447749614715576,
2.7215041128084607,5.79720401763916,
2.7226792009400707,3.5465171337127686,
2.7238542890716806,4.978888988494873,
2.72502937720329,4.801405429840088,
2.7262044653349,5.201872825622559,
2.72737955346651,3.735766887664795,
2.72855464159812,3.5322232246398926,
2.72972972972973,4.500321388244629,
2.7309048178613398,4.278306007385254,
2.7320799059929497,3.8220834732055664,
2.733254994124559,4.669934272766113,
2.734430082256169,3.93786883354187,
2.735605170387779,5.7731428146362305,
2.736780258519389,3.7847561836242676,
2.737955346650999,4.431138038635254,
2.7391304347826084,5.6463847160339355,
2.740305522914219,4.22276496887207,
2.7414806110458283,5.4060444831848145,
2.7426556991774382,3.9930334091186523,
2.743830787309048,4.702131748199463,
2.745005875440658,5.57177209854126,
2.746180963572268,4.804760456085205,
2.7473560517038775,4.3437652587890625,
2.748531139835488,4.7606072425842285,
2.7497062279670974,3.8774735927581787,
2.7508813160987073,4.512413024902344,
2.7520564042303173,4.533070087432861,
2.753231492361927,4.696217060089111,
2.754406580493537,5.152791976928711,
2.7555816686251466,4.651248455047607,
2.756756756756757,3.7542192935943604,
2.7579318448883665,5.326092720031738,
2.7591069330199764,7.252284049987793,
2.7602820211515864,4.860823631286621,
2.7614571092831963,4.233195781707764,
2.7626321974148063,4.357715606689453,
2.7638072855464157,5.588066577911377,
2.764982373678026,5.675716876983643,
2.7661574618096356,4.906521797180176,
2.7673325499412456,4.0396728515625,
2.7685076380728555,4.168199062347412,
2.7696827262044654,3.2828216552734375,
2.7708578143360754,3.349269151687622,
2.772032902467685,5.811903476715088,
2.773207990599295,4.9552083015441895,
2.7743830787309047,4.092386722564697,
2.7755581668625147,5.120623588562012,
2.7767332549941246,3.3282675743103027,
2.7779083431257345,3.032449960708618,
2.7790834312573445,4.366987228393555,
2.780258519388954,5.729429721832275,
2.781433607520564,4.341554641723633,
2.782608695652174,3.943889617919922,
2.7837837837837838,3.961542844772339,
2.7849588719153937,4.839155197143555,
2.7861339600470036,3.5721793174743652,
2.7873090481786136,5.748805522918701,
2.788484136310223,7.592923641204834,
2.789659224441833,3.967221975326538,
2.790834312573443,4.99136209487915,
2.792009400705053,3.2316696643829346,
2.793184488836663,4.289435386657715,
2.7943595769682728,3.902686357498169,
2.7955346650998827,5.691648006439209,
2.796709753231492,3.5449118614196777,
2.797884841363102,3.283205032348633,
2.799059929494712,4.24586296081543,
2.800235017626322,4.994601249694824,
2.801410105757932,4.933964729309082,
2.802585193889542,3.4016788005828857,
2.803760282021152,4.748237609863281,
2.8049353701527613,5.7763543128967285,
2.8061104582843712,2.9536619186401367,
2.807285546415981,4.473445892333984,
2.808460634547591,4.153626918792725,
2.809635722679201,6.6326799392700195,
2.810810810810811,5.263983726501465,
2.811985898942421,5.021949291229248,
2.8131609870740304,4.424803256988525,
2.8143360752056403,4.404726028442383,
2.8155111633372503,5.056341171264648,
2.81668625146886,4.873147487640381,
2.81786133960047,4.8134965896606445,
2.8190364277320796,4.7088189125061035,
2.82021151586369,7.517886161804199,
2.8213866039952995,4.704948902130127,
2.8225616921269094,4.151515960693359,
2.8237367802585194,6.259969234466553,
2.8249118683901293,4.704446792602539,
2.8260869565217392,4.714154243469238,
2.8272620446533487,4.5284037590026855,
2.828437132784959,5.324947834014893,
2.8296122209165686,5.695694923400879,
2.8307873090481785,3.6606907844543457,
2.8319623971797885,5.634445667266846,
2.8331374853113984,3.0763092041015625,
2.8343125734430084,5.497193336486816,
2.835487661574618,4.80482292175293,
2.8366627497062282,4.092311382293701,
2.8378378378378377,4.467230796813965,
2.8390129259694477,3.780130624771118,
2.8401880141010576,3.797696113586426,
2.8413631022326675,5.297878742218018,
2.8425381903642775,5.029276371002197,
2.843713278495887,5.420158386230469,
2.8448883666274973,4.059631824493408,
2.846063454759107,3.5024900436401367,
2.8472385428907168,5.505448341369629,
2.8484136310223267,4.8855462074279785,
2.8495887191539366,3.9082911014556885,
2.8507638072855466,5.057653903961182,
2.851938895417156,3.2439119815826416,
2.853113983548766,5.364658832550049,
2.854289071680376,4.80204439163208,
2.855464159811986,4.680456161499023,
2.856639247943596,3.569277763366699,
2.8578143360752057,4.0390400886535645,
2.8589894242068157,5.383987903594971,
2.860164512338425,4.498317241668701,
2.861339600470035,5.020884037017822,
2.862514688601645,4.102822780609131,
2.863689776733255,3.6001551151275635,
2.864864864864865,5.6741180419921875,
2.866039952996475,3.6305763721466064,
2.867215041128085,3.842801332473755,
2.8683901292596943,3.9758472442626953,
2.869565217391304,3.35292649269104,
2.870740305522914,5.822070598602295,
2.871915393654524,4.8618693351745605,
2.873090481786134,3.6649296283721924,
2.874265569917744,2.715522289276123,
2.875440658049354,4.564549922943115,
2.8766157461809634,3.7942347526550293,
2.8777908343125733,4.347376346588135,
2.8789659224441833,2.87679123878479,
2.880141010575793,4.22586727142334,
2.881316098707403,6.15498685836792,
2.882491186839013,3.6094017028808594,
2.883666274970623,4.983953475952148,
2.8848413631022325,5.043331623077393,
2.8860164512338424,5.806501865386963,
2.8871915393654524,4.230164527893066,
2.8883666274970623,3.82194447517395,
2.8895417156286722,3.4461216926574707,
2.890716803760282,4.624351978302002,
2.891891891891892,5.6720733642578125,
2.8930669800235016,4.108038425445557,
2.8942420681551115,5.3085432052612305,
2.8954171562867215,5.861357688903809,
2.8965922444183314,5.416749954223633,
2.8977673325499413,6.687017917633057,
2.8989424206815513,4.78621768951416,
2.900117508813161,6.034073829650879,
2.9012925969447707,5.533392906188965,
2.9024676850763806,5.097149848937988,
2.9036427732079906,4.416426658630371,
2.9048178613396005,4.152842998504639,
2.9059929494712105,4.334985256195068,
2.90716803760282,7.549724102020264,
2.9083431257344303,4.579790115356445,
2.90951821386604,4.183295249938965,
2.9106933019976498,4.237445831298828,
2.9118683901292597,3.6611649990081787,
2.9130434782608696,5.495975971221924,
2.9142185663924796,3.641958475112915,
2.915393654524089,6.464574337005615,
2.9165687426556994,4.542335510253906,
2.917743830787309,4.561182975769043,
2.918918918918919,5.64858341217041,
2.920094007050529,4.552456378936768,
2.9212690951821387,3.6911349296569824,
2.9224441833137487,5.461831569671631,
2.923619271445358,3.485515832901001,
2.9247943595769685,5.0982866287231445,
2.925969447708578,4.04136323928833,
2.927144535840188,3.39906644821167,
2.928319623971798,4.304620742797852,
2.929494712103408,4.515557289123535,
2.9306698002350178,4.608360290527344,
2.9318448883666273,4.007046699523926,
2.933019976498237,3.32501482963562,
2.934195064629847,4.85645866394043,
2.935370152761457,3.813753128051758,
2.936545240893067,5.585878849029541,
2.937720329024677,4.410489082336426,
2.938895417156287,5.182114601135254,
2.9400705052878964,4.936945915222168,
2.9412455934195063,5.203296184539795,
2.9424206815511162,4.484496593475342,
2.943595769682726,4.052684307098389,
2.944770857814336,6.1974310874938965,
2.945945945945946,3.5251448154449463,
2.947121034077556,4.168262481689453,
2.9482961222091655,3.6410255432128906,
2.9494712103407754,4.4235992431640625,
2.9506462984723854,3.9189436435699463,
2.9518213866039953,4.394608974456787,
2.9529964747356052,5.047743320465088,
2.954171562867215,3.1092684268951416,
2.955346650998825,4.233834743499756,
2.9565217391304346,4.3779802322387695,
2.9576968272620445,5.174132347106934,
2.9588719153936545,3.1850342750549316,
2.9600470035252644,4.135969638824463,
2.9612220916568743,2.823111057281494,
2.9623971797884843,2.954986333847046,
2.963572267920094,4.305980205535889,
2.9647473560517037,5.033603191375732,
2.9659224441833136,3.1917781829833984,
2.9670975323149236,3.4173226356506348,
2.9682726204465335,3.3268260955810547,
2.9694477085781434,5.059097766876221,
2.9706227967097534,4.8059797286987305,
2.9717978848413633,4.137035846710205,
2.972972972972973,4.290829181671143,
2.9741480611045827,5.122570991516113,
2.9753231492361927,4.4853949546813965,
2.9764982373678026,3.442415237426758,
2.9776733254994125,4.838346481323242,
2.9788484136310225,3.44256329536438,
2.9800235017626324,5.8454203605651855,
2.981198589894242,5.05488920211792,
2.982373678025852,3.917005777359009,
2.983548766157462,3.7174787521362305,
2.9847238542890717,4.982642650604248,
2.9858989424206817,3.7562367916107178,
2.987074030552291,4.507831573486328,
2.9882491186839015,5.292957782745361,
2.989424206815511,2.9632232189178467,
2.990599294947121,3.1060543060302734,
2.991774383078731,4.427289962768555,
2.992949471210341,5.455238342285156,
2.9941245593419508,4.300103187561035,
2.9952996474735603,4.369385719299316,
2.9964747356051706,3.540238857269287,
2.99764982373678,5.079596996307373,
2.99882491186839,3.132021188735962,
